compared_bits,total_qubits,secure_communication,calculation_correct,detect_eve,distinguish_noise_vs_eve,eve_undetected_and_steals
1,8,0.918,0.9152,0.0782,0.0782,0.4152
2,8,0.8466,0.8738,0.1496,0.1496,0.3924
3,8,0.969,0.981,0.0272,0.0272,0.4334
4,8,0.9616,0.9884,0.0346,0.0346,0.4318
5,8,0.9562,0.9938,0.04,0.04,0.4308
6,8,0.9546,0.9954,0.0416,0.0416,0.4304
7,8,0.9538,0.9962,0.0424,0.0424,0.4302
8,8,0.9538,0.9962,0.0424,0.0424,0.4302
1,20,0.9212,0.8166,0.0788,0.0788,0.701
2,20,0.8462,0.8144,0.1538,0.1538,0.6506
3,20,0.9828,0.8366,0.0172,0.0172,0.7442
4,20,0.9696,0.8498,0.0304,0.0304,0.736
5,20,0.9496,0.8698,0.0504,0.0504,0.7238
6,20,0.9308,0.8886,0.0692,0.0692,0.7122
7,20,0.9086,0.9108,0.0914,0.0914,0.6982
8,20,0.8844,0.935,0.1156,0.1156,0.6822
9,20,0.8658,0.9536,0.1342,0.1342,0.6712
10,20,0.8482,0.9712,0.1518,0.1518,0.6594
11,20,0.836,0.9834,0.164,0.164,0.6506
12,20,0.826,0.9934,0.174,0.174,0.643
13,20,0.8214,0.998,0.1786,0.1786,0.639
14,20,0.82,0.9994,0.18,0.18,0.6378
15,20,0.8196,0.9998,0.1804,0.1804,0.6374
16,20,0.8194,1.0,0.1806,0.1806,0.6372
17,20,0.8194,1.0,0.1806,0.1806,0.6372
18,20,0.8194,1.0,0.1806,0.1806,0.6372
19,20,0.8194,1.0,0.1806,0.1806,0.6372
20,20,0.8194,1.0,0.1806,0.1806,0.6372
1,50,0.9236,0.7068,0.0764,0.0764,0.8936
2,50,0.8548,0.7032,0.1452,0.1452,0.8266
3,50,0.9878,0.7054,0.0122,0.0122,0.9544
4,50,0.9718,0.7134,0.0282,0.0282,0.9398
5,50,0.9544,0.7196,0.0456,0.0456,0.9234
6,50,0.9318,0.7294,0.0682,0.0682,0.9024
7,50,0.9072,0.7448,0.0928,0.0928,0.8792
8,50,0.8844,0.756,0.1156,0.1156,0.8578
9,50,0.857,0.7694,0.143,0.143,0.8318
10,50,0.8288,0.7788,0.1712,0.1712,0.8048
11,50,0.801,0.7902,0.199,0.199,0.7796
12,50,0.7722,0.797,0.2278,0.2278,0.751
13,50,0.7432,0.8028,0.2568,0.2568,0.7226
14,50,0.7098,0.8098,0.2902,0.2902,0.6908
15,50,0.6814,0.8102,0.3186,0.3186,0.664
16,50,0.651,0.8114,0.349,0.349,0.6348
17,50,0.623,0.8074,0.377,0.377,0.608
18,50,0.5938,0.8014,0.4062,0.4062,0.5796
19,50,0.8244,0.872,0.1756,0.1756,0.8008
20,50,0.8048,0.8916,0.1952,0.1952,0.7824
21,50,0.7844,0.912,0.2156,0.2156,0.763
22,50,0.7684,0.928,0.2316,0.2316,0.7478
23,50,0.7514,0.945,0.2486,0.2486,0.731
24,50,0.736,0.9604,0.264,0.264,0.716
25,50,0.7238,0.9726,0.2762,0.2762,0.704
26,50,0.7148,0.9816,0.2852,0.2852,0.695
27,50,0.7094,0.987,0.2906,0.2906,0.6896
28,50,0.7024,0.994,0.2976,0.2976,0.6828
29,50,0.7004,0.996,0.2996,0.2996,0.681
30,50,0.6996,0.9968,0.3004,0.3004,0.6802
31,50,0.698,0.9984,0.302,0.302,0.6786
32,50,0.6978,0.9986,0.3022,0.3022,0.6784
33,50,0.6972,0.9992,0.3028,0.3028,0.6778
34,50,0.6968,0.9996,0.3032,0.3032,0.6774
35,50,0.6966,0.9998,0.3034,0.3034,0.6772
36,50,0.6966,0.9998,0.3034,0.3034,0.6772
37,50,0.6964,1.0,0.3036,0.3036,0.677
38,50,0.6964,1.0,0.3036,0.3036,0.677
39,50,0.6964,1.0,0.3036,0.3036,0.677
40,50,0.6964,1.0,0.3036,0.3036,0.677
41,50,0.6964,1.0,0.3036,0.3036,0.677
42,50,0.6964,1.0,0.3036,0.3036,0.677
43,50,0.6964,1.0,0.3036,0.3036,0.677
44,50,0.6964,1.0,0.3036,0.3036,0.677
45,50,0.6964,1.0,0.3036,0.3036,0.677
46,50,0.6964,1.0,0.3036,0.3036,0.677
47,50,0.6964,1.0,0.3036,0.3036,0.677
48,50,0.6964,1.0,0.3036,0.3036,0.677
49,50,0.6964,1.0,0.3036,0.3036,0.677
50,50,0.6964,1.0,0.3036,0.3036,0.677
1,80,0.9236,0.4846,0.0764,0.0764,0.9212
2,80,0.849,0.5172,0.151,0.151,0.8468
3,80,0.9816,0.457,0.0184,0.0184,0.9792
4,80,0.9658,0.4708,0.0342,0.0342,0.9634
5,80,0.9462,0.484,0.0538,0.0538,0.944
6,80,0.9218,0.5024,0.0782,0.0782,0.9198
7,80,0.896,0.5246,0.104,0.104,0.894
8,80,0.866,0.547,0.134,0.134,0.864
9,80,0.836,0.567,0.164,0.164,0.834
10,80,0.8048,0.5886,0.1952,0.1952,0.8028
11,80,0.7728,0.6134,0.2272,0.2272,0.7712
12,80,0.7408,0.6342,0.2592,0.2592,0.7392
13,80,0.7152,0.6542,0.2848,0.2848,0.7138
14,80,0.6836,0.6678,0.3164,0.3164,0.6822
15,80,0.6496,0.6886,0.3504,0.3504,0.6484
16,80,0.6174,0.7048,0.3826,0.3826,0.6162
17,80,0.586,0.7214,0.414,0.414,0.5848
18,80,0.5558,0.7352,0.4442,0.4442,0.5546
19,80,0.804,0.6278,0.196,0.196,0.8022
20,80,0.7834,0.6464,0.2166,0.2166,0.7818
21,80,0.7596,0.6694,0.2404,0.2404,0.758
22,80,0.7386,0.688,0.2614,0.2614,0.737
23,80,0.7162,0.708,0.2838,0.2838,0.7146
24,80,0.694,0.7266,0.306,0.306,0.6924
25,80,0.6714,0.7448,0.3286,0.3286,0.6698
26,80,0.6474,0.7656,0.3526,0.3526,0.6458
27,80,0.622,0.7866,0.378,0.378,0.6208
28,80,0.5996,0.8038,0.4004,0.4004,0.5984
29,80,0.5786,0.8212,0.4214,0.4214,0.5774
30,80,0.554,0.8402,0.446,0.446,0.5528
31,80,0.53,0.8582,0.47,0.47,0.5288
32,80,0.5094,0.8732,0.4906,0.4906,0.5082
33,80,0.4874,0.8904,0.5126,0.5126,0.4864
34,80,0.466,0.9018,0.534,0.534,0.465
35,80,0.4486,0.9132,0.5514,0.5514,0.4476
36,80,0.4342,0.9196,0.5658,0.5658,0.4332
37,80,0.4196,0.925,0.5804,0.5804,0.4188
38,80,0.407,0.9328,0.593,0.593,0.4062
39,80,0.3972,0.935,0.6028,0.6028,0.3964
40,80,0.3888,0.937,0.6112,0.6112,0.388
41,80,0.3814,0.9352,0.6186,0.6186,0.3806
42,80,0.4578,0.9836,0.5422,0.5422,0.457
43,80,0.453,0.9884,0.547,0.547,0.4522
44,80,0.4486,0.9928,0.5514,0.5514,0.4478
45,80,0.4458,0.9956,0.5542,0.5542,0.445
46,80,0.4438,0.9976,0.5562,0.5562,0.443
47,80,0.4434,0.998,0.5566,0.5566,0.4426
48,80,0.4428,0.9986,0.5572,0.5572,0.442
49,80,0.4416,0.9998,0.5584,0.5584,0.4408
50,80,0.4414,1.0,0.5586,0.5586,0.4406
51,80,0.4414,1.0,0.5586,0.5586,0.4406
52,80,0.4414,1.0,0.5586,0.5586,0.4406
53,80,0.4414,1.0,0.5586,0.5586,0.4406
54,80,0.4414,1.0,0.5586,0.5586,0.4406
55,80,0.4414,1.0,0.5586,0.5586,0.4406
56,80,0.4414,1.0,0.5586,0.5586,0.4406
57,80,0.4414,1.0,0.5586,0.5586,0.4406
58,80,0.4414,1.0,0.5586,0.5586,0.4406
59,80,0.4414,1.0,0.5586,0.5586,0.4406
60,80,0.4414,1.0,0.5586,0.5586,0.4406
61,80,0.4414,1.0,0.5586,0.5586,0.4406
62,80,0.4414,1.0,0.5586,0.5586,0.4406
63,80,0.4414,1.0,0.5586,0.5586,0.4406
64,80,0.4414,1.0,0.5586,0.5586,0.4406
65,80,0.4414,1.0,0.5586,0.5586,0.4406
66,80,0.4414,1.0,0.5586,0.5586,0.4406
67,80,0.4414,1.0,0.5586,0.5586,0.4406
68,80,0.4414,1.0,0.5586,0.5586,0.4406
69,80,0.4414,1.0,0.5586,0.5586,0.4406
70,80,0.4414,1.0,0.5586,0.5586,0.4406
71,80,0.4414,1.0,0.5586,0.5586,0.4406
72,80,0.4414,1.0,0.5586,0.5586,0.4406
73,80,0.4414,1.0,0.5586,0.5586,0.4406
74,80,0.4414,1.0,0.5586,0.5586,0.4406
75,80,0.4414,1.0,0.5586,0.5586,0.4406
76,80,0.4414,1.0,0.5586,0.5586,0.4406
77,80,0.4414,1.0,0.5586,0.5586,0.4406
78,80,0.4414,1.0,0.5586,0.5586,0.4406
79,80,0.4414,1.0,0.5586,0.5586,0.4406
80,80,0.4414,1.0,0.5586,0.5586,0.4406
1,100,0.9178,0.4706,0.0822,0.0822,0.9176
2,100,0.8528,0.5028,0.1472,0.1472,0.8526
3,100,0.981,0.4358,0.019,0.019,0.9808
4,100,0.9672,0.4476,0.0328,0.0328,0.967
5,100,0.9502,0.4618,0.0498,0.0498,0.95
6,100,0.9298,0.479,0.0702,0.0702,0.9296
7,100,0.9058,0.4962,0.0942,0.0942,0.9056
8,100,0.8794,0.5138,0.1206,0.1206,0.8792
9,100,0.8496,0.5364,0.1504,0.1504,0.8494
10,100,0.8206,0.5582,0.1794,0.1794,0.8204
11,100,0.791,0.5726,0.209,0.209,0.7908
12,100,0.76,0.5956,0.24,0.24,0.7598
13,100,0.7286,0.6166,0.2714,0.2714,0.7284
14,100,0.696,0.636,0.304,0.304,0.6958
15,100,0.6658,0.6526,0.3342,0.3342,0.6656
16,100,0.6348,0.6688,0.3652,0.3652,0.6346
17,100,0.6048,0.6856,0.3952,0.3952,0.6046
18,100,0.5766,0.7022,0.4234,0.4234,0.5764
19,100,0.8192,0.5848,0.1808,0.1808,0.819
20,100,0.7986,0.6018,0.2014,0.2014,0.7984
21,100,0.7766,0.6218,0.2234,0.2234,0.7764
22,100,0.7562,0.6394,0.2438,0.2438,0.756
23,100,0.7328,0.6592,0.2672,0.2672,0.7326
24,100,0.7096,0.6772,0.2904,0.2904,0.7094
25,100,0.684,0.696,0.316,0.316,0.6838
26,100,0.6618,0.7142,0.3382,0.3382,0.6616
27,100,0.6388,0.7316,0.3612,0.3612,0.6386
28,100,0.6192,0.7452,0.3808,0.3808,0.619
29,100,0.5924,0.7636,0.4076,0.4076,0.5922
30,100,0.5728,0.7744,0.4272,0.4272,0.5726
31,100,0.5518,0.785,0.4482,0.4482,0.5516
32,100,0.5316,0.7968,0.4684,0.4684,0.5314
33,100,0.5122,0.807,0.4878,0.4878,0.512
34,100,0.4892,0.8204,0.5108,0.5108,0.489
35,100,0.4686,0.8278,0.5314,0.5314,0.4684
36,100,0.4496,0.8368,0.5504,0.5504,0.4494
37,100,0.4316,0.8444,0.5684,0.5684,0.4314
38,100,0.4136,0.8512,0.5864,0.5864,0.4134
39,100,0.3966,0.853,0.6034,0.6034,0.3964
40,100,0.3768,0.8568,0.6232,0.6232,0.3766
41,100,0.3586,0.8566,0.6414,0.6414,0.3584
42,100,0.5562,0.8642,0.4438,0.4438,0.556
43,100,0.5422,0.8782,0.4578,0.4578,0.542
44,100,0.5262,0.8942,0.4738,0.4738,0.526
45,100,0.5106,0.9098,0.4894,0.4894,0.5104
46,100,0.497,0.9234,0.503,0.503,0.4968
47,100,0.4834,0.937,0.5166,0.5166,0.4832
48,100,0.4704,0.95,0.5296,0.5296,0.4702
49,100,0.4602,0.9602,0.5398,0.5398,0.46
50,100,0.45,0.9704,0.55,0.55,0.4498
51,100,0.4424,0.978,0.5576,0.5576,0.4422
52,100,0.436,0.9844,0.564,0.564,0.4358
53,100,0.4298,0.9906,0.5702,0.5702,0.4296
54,100,0.4266,0.9938,0.5734,0.5734,0.4264
55,100,0.4236,0.9968,0.5764,0.5764,0.4234
56,100,0.423,0.9974,0.577,0.577,0.4228
57,100,0.422,0.9984,0.578,0.578,0.4218
58,100,0.4218,0.9986,0.5782,0.5782,0.4216
59,100,0.4208,0.9996,0.5792,0.5792,0.4206
60,100,0.4206,0.9998,0.5794,0.5794,0.4204
61,100,0.4204,1.0,0.5796,0.5796,0.4202
62,100,0.4204,1.0,0.5796,0.5796,0.4202
63,100,0.4204,1.0,0.5796,0.5796,0.4202
64,100,0.4204,1.0,0.5796,0.5796,0.4202
65,100,0.4204,1.0,0.5796,0.5796,0.4202
66,100,0.4204,1.0,0.5796,0.5796,0.4202
67,100,0.4204,1.0,0.5796,0.5796,0.4202
68,100,0.4204,1.0,0.5796,0.5796,0.4202
69,100,0.4204,1.0,0.5796,0.5796,0.4202
70,100,0.4204,1.0,0.5796,0.5796,0.4202
71,100,0.4204,1.0,0.5796,0.5796,0.4202
72,100,0.4204,1.0,0.5796,0.5796,0.4202
73,100,0.4204,1.0,0.5796,0.5796,0.4202
74,100,0.4204,1.0,0.5796,0.5796,0.4202
75,100,0.4204,1.0,0.5796,0.5796,0.4202
76,100,0.4204,1.0,0.5796,0.5796,0.4202
77,100,0.4204,1.0,0.5796,0.5796,0.4202
78,100,0.4204,1.0,0.5796,0.5796,0.4202
79,100,0.4204,1.0,0.5796,0.5796,0.4202
80,100,0.4204,1.0,0.5796,0.5796,0.4202
81,100,0.4204,1.0,0.5796,0.5796,0.4202
82,100,0.4204,1.0,0.5796,0.5796,0.4202
83,100,0.4204,1.0,0.5796,0.5796,0.4202
84,100,0.4204,1.0,0.5796,0.5796,0.4202
85,100,0.4204,1.0,0.5796,0.5796,0.4202
86,100,0.4204,1.0,0.5796,0.5796,0.4202
87,100,0.4204,1.0,0.5796,0.5796,0.4202
88,100,0.4204,1.0,0.5796,0.5796,0.4202
89,100,0.4204,1.0,0.5796,0.5796,0.4202
90,100,0.4204,1.0,0.5796,0.5796,0.4202
91,100,0.4204,1.0,0.5796,0.5796,0.4202
92,100,0.4204,1.0,0.5796,0.5796,0.4202
93,100,0.4204,1.0,0.5796,0.5796,0.4202
94,100,0.4204,1.0,0.5796,0.5796,0.4202
95,100,0.4204,1.0,0.5796,0.5796,0.4202
96,100,0.4204,1.0,0.5796,0.5796,0.4202
97,100,0.4204,1.0,0.5796,0.5796,0.4202
98,100,0.4204,1.0,0.5796,0.5796,0.4202
99,100,0.4204,1.0,0.5796,0.5796,0.4202
100,100,0.4204,1.0,0.5796,0.5796,0.4202
